sitedate,subject,image1,image2,image3,image4,image5,image6,image7,image8
bc17apr22,1,bc17apr22_105.JPG,bc17apr22_106.JPG,bc17apr22_107.JPG,bc17apr22_108.JPG,bc17apr22_109.JPG,bc17apr22_110.JPG,bc17apr22_111.JPG,bc17apr22_112.JPG
bc17apr22,2,bc17apr22_121.JPG,bc17apr22_122.JPG,bc17apr22_123.JPG,bc17apr22_124.JPG,bc17apr22_125.JPG,bc17apr22_126.JPG,bc17apr22_127.JPG,bc17apr22_128.JPG
bc17apr22,3,bc17apr22_3849.JPG,bc17apr22_3850.JPG,bc17apr22_3851.JPG,bc17apr22_3852.JPG,bc17apr22_3853.JPG,bc17apr22_3854.JPG,bc17apr22_3855.JPG,bc17apr22_3856.JPG
bc17apr22,4,bc17apr22_513.JPG,bc17apr22_514.JPG,bc17apr22_515.JPG,bc17apr22_516.JPG,bc17apr22_517.JPG,bc17apr22_518.JPG,bc17apr22_519.JPG,bc17apr22_520.JPG
bc17apr22,5,bc17apr22_521.JPG,bc17apr22_522.JPG,bc17apr22_523.JPG,bc17apr22_524.JPG,bc17apr22_525.JPG,bc17apr22_526.JPG,bc17apr22_527.JPG,bc17apr22_528.JPG
bc28apr22,6,bc28apr22_1329.JPG,bc28apr22_1330.JPG,bc28apr22_1331.JPG,bc28apr22_1332.JPG,bc28apr22_1333.JPG,bc28apr22_1334.JPG,bc28apr22_1335.JPG,bc28apr22_1336.JPG
bc28apr22,7,bc28apr22_1417.JPG,bc28apr22_1418.JPG,bc28apr22_1419.JPG,bc28apr22_1420.JPG,bc28apr22_1421.JPG,bc28apr22_1422.JPG,bc28apr22_1423.JPG,bc28apr22_1424.JPG
bc28apr22,8,bc28apr22_1561.JPG,bc28apr22_1562.JPG,bc28apr22_1563.JPG,bc28apr22_1564.JPG,bc28apr22_1565.JPG,bc28apr22_1566.JPG,bc28apr22_1567.JPG,bc28apr22_1568.JPG
bc28apr22,9,bc28apr22_1569.JPG,bc28apr22_1570.JPG,bc28apr22_1571.JPG,bc28apr22_1572.JPG,bc28apr22_1573.JPG,bc28apr22_1574.JPG,bc28apr22_1575.JPG,bc28apr22_1576.JPG
bc28apr22,10,bc28apr22_1577.JPG,bc28apr22_1578.JPG,bc28apr22_1579.JPG,bc28apr22_1580.JPG,bc28apr22_1581.JPG,bc28apr22_1582.JPG,bc28apr22_1583.JPG,bc28apr22_1584.JPG
bc28apr22,11,bc28apr22_1585.JPG,bc28apr22_1586.JPG,bc28apr22_1587.JPG,bc28apr22_1588.JPG,bc28apr22_1589.JPG,bc28apr22_1590.JPG,bc28apr22_1591.JPG,bc28apr22_1592.JPG
bc28apr22,12,bc28apr22_1649.JPG,bc28apr22_1650.JPG,bc28apr22_1651.JPG,bc28apr22_1652.JPG,bc28apr22_1653.JPG,bc28apr22_1654.JPG,bc28apr22_1655.JPG,bc28apr22_1656.JPG
bc28apr22,13,bc28apr22_1657.JPG,bc28apr22_1658.JPG,bc28apr22_1659.JPG,bc28apr22_1660.JPG,bc28apr22_1661.JPG,bc28apr22_1662.JPG,bc28apr22_1663.JPG,bc28apr22_1664.JPG
bc28apr22,14,bc28apr22_1665.JPG,bc28apr22_1666.JPG,bc28apr22_1667.JPG,bc28apr22_1668.JPG,bc28apr22_1669.JPG,bc28apr22_1670.JPG,bc28apr22_1671.JPG,bc28apr22_1672.JPG
bc28apr22,15,bc28apr22_1809.JPG,bc28apr22_1810.JPG,bc28apr22_1811.JPG,bc28apr22_1812.JPG,bc28apr22_1813.JPG,bc28apr22_1814.JPG,bc28apr22_1815.JPG,bc28apr22_1816.JPG
bc28apr22,16,bc28apr22_1817.JPG,bc28apr22_1818.JPG,bc28apr22_1819.JPG,bc28apr22_1820.JPG,bc28apr22_1821.JPG,bc28apr22_1822.JPG,bc28apr22_1823.JPG,bc28apr22_1824.JPG
bc28apr22,17,bc28apr22_465.JPG,bc28apr22_466.JPG,bc28apr22_467.JPG,bc28apr22_468.JPG,bc28apr22_469.JPG,bc28apr22_470.JPG,bc28apr22_471.JPG,bc28apr22_472.JPG
bc28apr22,18,bc28apr22_873.JPG,bc28apr22_874.JPG,bc28apr22_875.JPG,bc28apr22_876.JPG,bc28apr22_877.JPG,bc28apr22_878.JPG,bc28apr22_879.JPG,bc28apr22_880.JPG
cove17apr22,19,cove17apr22_1113.JPG,cove17apr22_1114.JPG,cove17apr22_1115.JPG,cove17apr22_1116.JPG,cove17apr22_1117.JPG,cove17apr22_1118.JPG,cove17apr22_1119.JPG,cove17apr22_1120.JPG
cove17apr22,20,cove17apr22_1345.JPG,cove17apr22_1346.JPG,cove17apr22_1347.JPG,cove17apr22_1348.JPG,cove17apr22_1349.JPG,cove17apr22_1350.JPG,cove17apr22_1351.JPG,cove17apr22_1352.JPG
cove17apr22,21,cove17apr22_1521.JPG,cove17apr22_1522.JPG,cove17apr22_1523.JPG,cove17apr22_1524.JPG,cove17apr22_1525.JPG,cove17apr22_1526.JPG,cove17apr22_1527.JPG,cove17apr22_1528.JPG
cove17apr22,22,cove17apr22_1577.JPG,cove17apr22_1578.JPG,cove17apr22_1579.JPG,cove17apr22_1580.JPG,cove17apr22_1581.JPG,cove17apr22_1582.JPG,cove17apr22_1583.JPG,cove17apr22_1584.JPG
cove17apr22,23,cove17apr22_1593.JPG,cove17apr22_1594.JPG,cove17apr22_1595.JPG,cove17apr22_1596.JPG,cove17apr22_1597.JPG,cove17apr22_1598.JPG,cove17apr22_1599.JPG,cove17apr22_1600.JPG
cove17apr22,24,cove17apr22_1609.JPG,cove17apr22_1610.JPG,cove17apr22_1611.JPG,cove17apr22_1612.JPG,cove17apr22_1613.JPG,cove17apr22_1614.JPG,cove17apr22_1615.JPG,cove17apr22_1616.JPG
cove17apr22,25,cove17apr22_1617.JPG,cove17apr22_1618.JPG,cove17apr22_1619.JPG,cove17apr22_1620.JPG,cove17apr22_1621.JPG,cove17apr22_1622.JPG,cove17apr22_1623.JPG,cove17apr22_1624.JPG
cove17apr22,26,cove17apr22_1801.JPG,cove17apr22_1802.JPG,cove17apr22_1803.JPG,cove17apr22_1804.JPG,cove17apr22_1805.JPG,cove17apr22_1806.JPG,cove17apr22_1807.JPG,cove17apr22_1808.JPG
cove17apr22,27,cove17apr22_321.JPG,cove17apr22_322.JPG,cove17apr22_323.JPG,cove17apr22_324.JPG,cove17apr22_325.JPG,cove17apr22_326.JPG,cove17apr22_327.JPG,cove17apr22_328.JPG
cove17apr22,28,cove17apr22_329.JPG,cove17apr22_330.JPG,cove17apr22_331.JPG,cove17apr22_332.JPG,cove17apr22_333.JPG,cove17apr22_334.JPG,cove17apr22_335.JPG,cove17apr22_336.JPG
cove17apr22,29,cove17apr22_337.JPG,cove17apr22_338.JPG,cove17apr22_339.JPG,cove17apr22_340.JPG,cove17apr22_341.JPG,cove17apr22_342.JPG,cove17apr22_343.JPG,cove17apr22_344.JPG
cove17apr22,30,cove17apr22_345.JPG,cove17apr22_346.JPG,cove17apr22_347.JPG,cove17apr22_348.JPG,cove17apr22_349.JPG,cove17apr22_350.JPG,cove17apr22_351.JPG,cove17apr22_352.JPG
cove17apr22,31,cove17apr22_417.JPG,cove17apr22_418.JPG,cove17apr22_419.JPG,cove17apr22_420.JPG,cove17apr22_421.JPG,cove17apr22_422.JPG,cove17apr22_423.JPG,cove17apr22_424.JPG
cove17apr22,32,cove17apr22_425.JPG,cove17apr22_426.JPG,cove17apr22_427.JPG,cove17apr22_428.JPG,cove17apr22_429.JPG,cove17apr22_430.JPG,cove17apr22_431.JPG,cove17apr22_432.JPG
cove17apr22,33,cove17apr22_433.JPG,cove17apr22_434.JPG,cove17apr22_435.JPG,cove17apr22_436.JPG,cove17apr22_437.JPG,cove17apr22_438.JPG,cove17apr22_439.JPG,cove17apr22_440.JPG
cove17apr22,34,cove17apr22_457.JPG,cove17apr22_458.JPG,cove17apr22_459.JPG,cove17apr22_460.JPG,cove17apr22_461.JPG,cove17apr22_462.JPG,cove17apr22_463.JPG,cove17apr22_464.JPG
cove17apr22,35,cove17apr22_481.JPG,cove17apr22_482.JPG,cove17apr22_483.JPG,cove17apr22_484.JPG,cove17apr22_485.JPG,cove17apr22_486.JPG,cove17apr22_487.JPG,cove17apr22_488.JPG
cove17apr22,36,cove17apr22_721.JPG,cove17apr22_722.JPG,cove17apr22_723.JPG,cove17apr22_724.JPG,cove17apr22_725.JPG,cove17apr22_726.JPG,cove17apr22_727.JPG,cove17apr22_728.JPG
cove17apr22,37,cove17apr22_929.JPG,cove17apr22_930.JPG,cove17apr22_931.JPG,cove17apr22_932.JPG,cove17apr22_933.JPG,cove17apr22_934.JPG,cove17apr22_935.JPG,cove17apr22_936.JPG
gc28apr22,38,gc28apr22_225.JPG,gc28apr22_226.JPG,gc28apr22_227.JPG,gc28apr22_228.JPG,gc28apr22_229.JPG,gc28apr22_230.JPG,gc28apr22_231.JPG,gc28apr22_232.JPG
gc28apr22,39,gc28apr22_601.JPG,gc28apr22_602.JPG,gc28apr22_603.JPG,gc28apr22_604.JPG,gc28apr22_605.JPG,gc28apr22_606.JPG,gc28apr22_607.JPG,gc28apr22_608.JPG
gov17apr22,40,gov17apr22_105.JPG,gov17apr22_106.JPG,gov17apr22_107.JPG,gov17apr22_108.JPG,gov17apr22_109.JPG,gov17apr22_110.JPG,gov17apr22_111.JPG,gov17apr22_112.JPG
gov17apr22,41,gov17apr22_369.JPG,gov17apr22_370.JPG,gov17apr22_371.JPG,gov17apr22_372.JPG,gov17apr22_373.JPG,gov17apr22_374.JPG,gov17apr22_375.JPG,gov17apr22_376.JPG
gov17apr22,42,gov17apr22_377.JPG,gov17apr22_378.JPG,gov17apr22_379.JPG,gov17apr22_380.JPG,gov17apr22_381.JPG,gov17apr22_382.JPG,gov17apr22_383.JPG,gov17apr22_384.JPG
gov17apr22,43,gov17apr22_385.JPG,gov17apr22_386.JPG,gov17apr22_387.JPG,gov17apr22_388.JPG,gov17apr22_389.JPG,gov17apr22_390.JPG,gov17apr22_391.JPG,gov17apr22_392.JPG
gov17apr22,44,gov17apr22_673.JPG,gov17apr22_674.JPG,gov17apr22_675.JPG,gov17apr22_676.JPG,gov17apr22_677.JPG,gov17apr22_678.JPG,gov17apr22_679.JPG,gov17apr22_680.JPG
gov17apr22,45,gov17apr22_681.JPG,gov17apr22_682.JPG,gov17apr22_683.JPG,gov17apr22_684.JPG,gov17apr22_685.JPG,gov17apr22_686.JPG,gov17apr22_687.JPG,gov17apr22_688.JPG
gov17apr22,46,gov17apr22_73.JPG,gov17apr22_74.JPG,gov17apr22_75.JPG,gov17apr22_76.JPG,gov17apr22_769.JPG,gov17apr22_77.JPG,gov17apr22_770.JPG,gov17apr22_771.JPG
gov17apr22,47,gov17apr22_772.JPG,gov17apr22_773.JPG,gov17apr22_774.JPG,gov17apr22_775.JPG,gov17apr22_776.JPG,gov17apr22_78.JPG,gov17apr22_785.JPG,gov17apr22_786.JPG
gov17apr22,48,gov17apr22_787.JPG,gov17apr22_788.JPG,gov17apr22_789.JPG,gov17apr22_79.JPG,gov17apr22_790.JPG,gov17apr22_791.JPG,gov17apr22_792.JPG,gov17apr22_793.JPG
gov17apr22,49,gov17apr22_794.JPG,gov17apr22_795.JPG,gov17apr22_796.JPG,gov17apr22_797.JPG,gov17apr22_798.JPG,gov17apr22_799.JPG,gov17apr22_80.JPG,gov17apr22_800.JPG
gov17apr22,50,gov17apr22_81.JPG,gov17apr22_82.JPG,gov17apr22_83.JPG,gov17apr22_84.JPG,gov17apr22_85.JPG,gov17apr22_86.JPG,gov17apr22_87.JPG,gov17apr22_88.JPG
gov17apr22,51,gov17apr22_89.JPG,gov17apr22_90.JPG,gov17apr22_91.JPG,gov17apr22_92.JPG,gov17apr22_93.JPG,gov17apr22_94.JPG,gov17apr22_95.JPG,gov17apr22_96.JPG
nvs28apr22,52,nvs28apr22_100.JPG,nvs28apr22_101.JPG,nvs28apr22_102.JPG,nvs28apr22_103.JPG,nvs28apr22_104.JPG,nvs28apr22_105.JPG,nvs28apr22_106.JPG,nvs28apr22_107.JPG
nvs28apr22,53,nvs28apr22_108.JPG,nvs28apr22_109.JPG,nvs28apr22_110.JPG,nvs28apr22_111.JPG,nvs28apr22_112.JPG,nvs28apr22_113.JPG,nvs28apr22_114.JPG,nvs28apr22_115.JPG
nvs28apr22,54,nvs28apr22_116.JPG,nvs28apr22_117.JPG,nvs28apr22_118.JPG,nvs28apr22_119.JPG,nvs28apr22_120.JPG,nvs28apr22_121.JPG,nvs28apr22_122.JPG,nvs28apr22_123.JPG
nvs28apr22,55,nvs28apr22_124.JPG,nvs28apr22_125.JPG,nvs28apr22_126.JPG,nvs28apr22_127.JPG,nvs28apr22_128.JPG,nvs28apr22_129.JPG,nvs28apr22_130.JPG,nvs28apr22_131.JPG
nvs28apr22,56,nvs28apr22_132.JPG,nvs28apr22_133.JPG,nvs28apr22_134.JPG,nvs28apr22_135.JPG,nvs28apr22_136.JPG,nvs28apr22_145.JPG,nvs28apr22_146.JPG,nvs28apr22_147.JPG
nvs28apr22,57,nvs28apr22_148.JPG,nvs28apr22_149.JPG,nvs28apr22_150.JPG,nvs28apr22_151.JPG,nvs28apr22_152.JPG,nvs28apr22_177.JPG,nvs28apr22_178.JPG,nvs28apr22_179.JPG
nvs28apr22,58,nvs28apr22_180.JPG,nvs28apr22_181.JPG,nvs28apr22_182.JPG,nvs28apr22_183.JPG,nvs28apr22_184.JPG,nvs28apr22_185.JPG,nvs28apr22_186.JPG,nvs28apr22_187.JPG
nvs28apr22,59,nvs28apr22_188.JPG,nvs28apr22_189.JPG,nvs28apr22_190.JPG,nvs28apr22_191.JPG,nvs28apr22_192.JPG,nvs28apr22_193.JPG,nvs28apr22_194.JPG,nvs28apr22_195.JPG
nvs28apr22,60,nvs28apr22_196.JPG,nvs28apr22_197.JPG,nvs28apr22_198.JPG,nvs28apr22_199.JPG,nvs28apr22_200.JPG,nvs28apr22_201.JPG,nvs28apr22_202.JPG,nvs28apr22_203.JPG
nvs28apr22,61,nvs28apr22_204.JPG,nvs28apr22_205.JPG,nvs28apr22_206.JPG,nvs28apr22_207.JPG,nvs28apr22_208.JPG,nvs28apr22_209.JPG,nvs28apr22_210.JPG,nvs28apr22_211.JPG
nvs28apr22,62,nvs28apr22_212.JPG,nvs28apr22_213.JPG,nvs28apr22_214.JPG,nvs28apr22_215.JPG,nvs28apr22_216.JPG,nvs28apr22_217.JPG,nvs28apr22_218.JPG,nvs28apr22_219.JPG
nvs28apr22,63,nvs28apr22_220.JPG,nvs28apr22_221.JPG,nvs28apr22_222.JPG,nvs28apr22_223.JPG,nvs28apr22_224.JPG,nvs28apr22_33.JPG,nvs28apr22_34.JPG,nvs28apr22_35.JPG
nvs28apr22,64,nvs28apr22_36.JPG,nvs28apr22_37.JPG,nvs28apr22_38.JPG,nvs28apr22_39.JPG,nvs28apr22_40.JPG,nvs28apr22_41.JPG,nvs28apr22_42.JPG,nvs28apr22_43.JPG
nvs28apr22,65,nvs28apr22_44.JPG,nvs28apr22_45.JPG,nvs28apr22_46.JPG,nvs28apr22_47.JPG,nvs28apr22_48.JPG,nvs28apr22_49.JPG,nvs28apr22_50.JPG,nvs28apr22_51.JPG
nvs28apr22,66,nvs28apr22_52.JPG,nvs28apr22_53.JPG,nvs28apr22_54.JPG,nvs28apr22_55.JPG,nvs28apr22_56.JPG,nvs28apr22_57.JPG,nvs28apr22_58.JPG,nvs28apr22_59.JPG
nvs28apr22,67,nvs28apr22_60.JPG,nvs28apr22_61.JPG,nvs28apr22_62.JPG,nvs28apr22_63.JPG,nvs28apr22_64.JPG,nvs28apr22_65.JPG,nvs28apr22_66.JPG,nvs28apr22_67.JPG
nvs28apr22,68,nvs28apr22_68.JPG,nvs28apr22_69.JPG,nvs28apr22_70.JPG,nvs28apr22_71.JPG,nvs28apr22_72.JPG,nvs28apr22_73.JPG,nvs28apr22_74.JPG,nvs28apr22_75.JPG
nvs28apr22,69,nvs28apr22_76.JPG,nvs28apr22_77.JPG,nvs28apr22_78.JPG,nvs28apr22_79.JPG,nvs28apr22_80.JPG,nvs28apr22_97.JPG,nvs28apr22_98.JPG,nvs28apr22_99.JPG
pb28apr22,70,pb28apr22_12583.JPG,pb28apr22_12584.JPG,pb28apr22_12585.JPG,pb28apr22_12586.JPG,pb28apr22_12587.JPG,pb28apr22_12588.JPG,pb28apr22_12589.JPG,pb28apr22_12590.JPG
pb28apr22,71,pb28apr22_12599.JPG,pb28apr22_12600.JPG,pb28apr22_12601.JPG,pb28apr22_12602.JPG,pb28apr22_12603.JPG,pb28apr22_12604.JPG,pb28apr22_12605.JPG,pb28apr22_12606.JPG
pb28apr22,72,pb28apr22_12799.JPG,pb28apr22_12800.JPG,pb28apr22_12801.JPG,pb28apr22_12802.JPG,pb28apr22_12803.JPG,pb28apr22_12804.JPG,pb28apr22_12805.JPG,pb28apr22_12806.JPG
pb28apr22,73,pb28apr22_12879.JPG,pb28apr22_12880.JPG,pb28apr22_12881.JPG,pb28apr22_12882.JPG,pb28apr22_12883.JPG,pb28apr22_12884.JPG,pb28apr22_12885.JPG,pb28apr22_12886.JPG
pb28apr22,74,pb28apr22_12919.JPG,pb28apr22_12920.JPG,pb28apr22_12921.JPG,pb28apr22_12922.JPG,pb28apr22_12923.JPG,pb28apr22_12924.JPG,pb28apr22_12926.JPG,pb28apr22_12927.JPG
pb28apr22,75,pb28apr22_12944.JPG,pb28apr22_12945.JPG,pb28apr22_12946.JPG,pb28apr22_12947.JPG,pb28apr22_12948.JPG,pb28apr22_12949.JPG,pb28apr22_12950.JPG,pb28apr22_12951.JPG
pb28apr22,76,pb28apr22_12960.JPG,pb28apr22_12961.JPG,pb28apr22_12962.JPG,pb28apr22_12963.JPG,pb28apr22_12964.JPG,pb28apr22_12965.JPG,pb28apr22_12966.JPG,pb28apr22_12967.JPG
pb28apr22,77,pb28apr22_12968.JPG,pb28apr22_12969.JPG,pb28apr22_12970.JPG,pb28apr22_12971.JPG,pb28apr22_12972.JPG,pb28apr22_12973.JPG,pb28apr22_12974.JPG,pb28apr22_12975.JPG
pb28apr22,78,pb28apr22_13040.JPG,pb28apr22_13041.JPG,pb28apr22_13042.JPG,pb28apr22_13043.JPG,pb28apr22_13044.JPG,pb28apr22_13045.JPG,pb28apr22_13046.JPG,pb28apr22_13047.JPG
pb28apr22,79,pb28apr22_13224.JPG,pb28apr22_13225.JPG,pb28apr22_13226.JPG,pb28apr22_13227.JPG,pb28apr22_13228.JPG,pb28apr22_13229.JPG,pb28apr22_13230.JPG,pb28apr22_13231.JPG
pb28apr22,80,pb28apr22_13232.JPG,pb28apr22_13233.JPG,pb28apr22_13234.JPG,pb28apr22_13235.JPG,pb28apr22_13236.JPG,pb28apr22_13237.JPG,pb28apr22_13238.JPG,pb28apr22_13239.JPG
pb28apr22,81,pb28apr22_13369.JPG,pb28apr22_13370.JPG,pb28apr22_13371.JPG,pb28apr22_13372.JPG,pb28apr22_13373.JPG,pb28apr22_13374.JPG,pb28apr22_13375.JPG,pb28apr22_13376.JPG
pb28apr22,82,pb28apr22_13401.JPG,pb28apr22_13402.JPG,pb28apr22_13403.JPG,pb28apr22_13404.JPG,pb28apr22_13405.JPG,pb28apr22_13406.JPG,pb28apr22_13407.JPG,pb28apr22_13408.JPG
pb28apr22,83,pb28apr22_13409.JPG,pb28apr22_13410.JPG,pb28apr22_13411.JPG,pb28apr22_13412.JPG,pb28apr22_13413.JPG,pb28apr22_13414.JPG,pb28apr22_13415.JPG,pb28apr22_13416.JPG
pb28apr22,84,pb28apr22_13418.JPG,pb28apr22_13419.JPG,pb28apr22_13420.JPG,pb28apr22_13421.JPG,pb28apr22_13422.JPG,pb28apr22_13423.JPG,pb28apr22_13424.JPG,pb28apr22_13425.JPG
pb28apr22,85,pb28apr22_13441.JPG,pb28apr22_13442.JPG,pb28apr22_13443.JPG,pb28apr22_13444.JPG,pb28apr22_13445.JPG,pb28apr22_13446.JPG,pb28apr22_13447.JPG,pb28apr22_13448.JPG
pb28apr22,86,pb28apr22_15349.JPG,pb28apr22_15350.JPG,pb28apr22_15351.JPG,pb28apr22_15352.JPG,pb28apr22_15353.JPG,pb28apr22_15354.JPG,pb28apr22_15355.JPG,pb28apr22_15356.JPG
pb28apr22,87,pb28apr22_17883.JPG,pb28apr22_17884.JPG,pb28apr22_17885.JPG,pb28apr22_17886.JPG,pb28apr22_17887.JPG,pb28apr22_17888.JPG,pb28apr22_17889.JPG,pb28apr22_17890.JPG
pb28apr22,88,pb28apr22_17988.JPG,pb28apr22_17989.JPG,pb28apr22_17990.JPG,pb28apr22_17991.JPG,pb28apr22_17992.JPG,pb28apr22_17993.JPG,pb28apr22_17994.JPG,pb28apr22_17995.JPG
pb28apr22,89,pb28apr22_18212.JPG,pb28apr22_18213.JPG,pb28apr22_18214.JPG,pb28apr22_18215.JPG,pb28apr22_18216.JPG,pb28apr22_18217.JPG,pb28apr22_18218.JPG,pb28apr22_18219.JPG
pb28apr22,90,pb28apr22_18292.JPG,pb28apr22_18293.JPG,pb28apr22_18294.JPG,pb28apr22_18295.JPG,pb28apr22_18296.JPG,pb28apr22_18297.JPG,pb28apr22_18298.JPG,pb28apr22_18299.JPG
pb28apr22,91,pb28apr22_18300.JPG,pb28apr22_18301.JPG,pb28apr22_18302.JPG,pb28apr22_18303.JPG,pb28apr22_18304.JPG,pb28apr22_18305.JPG,pb28apr22_18306.JPG,pb28apr22_18307.JPG
pb28apr22,92,pb28apr22_18324.JPG,pb28apr22_18325.JPG,pb28apr22_18326.JPG,pb28apr22_18327.JPG,pb28apr22_18328.JPG,pb28apr22_18329.JPG,pb28apr22_18330.JPG,pb28apr22_18331.JPG
pb28apr22,93,pb28apr22_18356.JPG,pb28apr22_18357.JPG,pb28apr22_18358.JPG,pb28apr22_18360.JPG,pb28apr22_18361.JPG,pb28apr22_18362.JPG,pb28apr22_18363.JPG,pb28apr22_18364.JPG
pb28apr22,94,pb28apr22_18421.JPG,pb28apr22_18422.JPG,pb28apr22_18423.JPG,pb28apr22_18424.JPG,pb28apr22_18425.JPG,pb28apr22_18426.JPG,pb28apr22_18427.JPG,pb28apr22_18428.JPG
pb28apr22,95,pb28apr22_18461.JPG,pb28apr22_18462.JPG,pb28apr22_18463.JPG,pb28apr22_18464.JPG,pb28apr22_18465.JPG,pb28apr22_18466.JPG,pb28apr22_18467.JPG,pb28apr22_18468.JPG
pb28apr22,96,pb28apr22_18629.JPG,pb28apr22_18630.JPG,pb28apr22_18631.JPG,pb28apr22_18632.JPG,pb28apr22_18633.JPG,pb28apr22_18634.JPG,pb28apr22_18635.JPG,pb28apr22_18636.JPG
pb28apr22,97,pb28apr22_18685.JPG,pb28apr22_18686.JPG,pb28apr22_18687.JPG,pb28apr22_18688.JPG,pb28apr22_18689.JPG,pb28apr22_18690.JPG,pb28apr22_18691.JPG,pb28apr22_18692.JPG
pb28apr22,98,pb28apr22_18693.JPG,pb28apr22_18694.JPG,pb28apr22_18695.JPG,pb28apr22_18696.JPG,pb28apr22_18697.JPG,pb28apr22_18698.JPG,pb28apr22_18699.JPG,pb28apr22_18700.JPG
pb28apr22,99,pb28apr22_18717.JPG,pb28apr22_18718.JPG,pb28apr22_18719.JPG,pb28apr22_18720.JPG,pb28apr22_18721.JPG,pb28apr22_18722.JPG,pb28apr22_18723.JPG,pb28apr22_18724.JPG
pb28apr22,100,pb28apr22_18725.JPG,pb28apr22_18726.JPG,pb28apr22_18727.JPG,pb28apr22_18728.JPG,pb28apr22_18729.JPG,pb28apr22_18730.JPG,pb28apr22_18731.JPG,pb28apr22_18732.JPG
pb28apr22,101,pb28apr22_18846.JPG,pb28apr22_18847.JPG,pb28apr22_18848.JPG,pb28apr22_18849.JPG,pb28apr22_18850.JPG,pb28apr22_18851.JPG,pb28apr22_18852.JPG,pb28apr22_18853.JPG
pb28apr22,102,pb28apr22_18982.JPG,pb28apr22_18983.JPG,pb28apr22_18984.JPG,pb28apr22_18985.JPG,pb28apr22_18986.JPG,pb28apr22_18987.JPG,pb28apr22_18988.JPG,pb28apr22_18989.JPG
pb28apr22,103,pb28apr22_2017.JPG,pb28apr22_2018.JPG,pb28apr22_2019.JPG,pb28apr22_2020.JPG,pb28apr22_2021.JPG,pb28apr22_2022.JPG,pb28apr22_2023.JPG,pb28apr22_2024.JPG
pb28apr22,104,pb28apr22_2073.JPG,pb28apr22_2074.JPG,pb28apr22_2075.JPG,pb28apr22_2076.JPG,pb28apr22_2077.JPG,pb28apr22_2078.JPG,pb28apr22_2079.JPG,pb28apr22_2080.JPG
pb28apr22,105,pb28apr22_21370.JPG,pb28apr22_21371.JPG,pb28apr22_21372.JPG,pb28apr22_21373.JPG,pb28apr22_21374.JPG,pb28apr22_21375.JPG,pb28apr22_21376.JPG,pb28apr22_21377.JPG
pb28apr22,106,pb28apr22_21386.JPG,pb28apr22_21387.JPG,pb28apr22_21388.JPG,pb28apr22_21389.JPG,pb28apr22_21390.JPG,pb28apr22_21391.JPG,pb28apr22_21392.JPG,pb28apr22_21393.JPG
pb28apr22,107,pb28apr22_21450.JPG,pb28apr22_21451.JPG,pb28apr22_21452.JPG,pb28apr22_21453.JPG,pb28apr22_21454.JPG,pb28apr22_21455.JPG,pb28apr22_21456.JPG,pb28apr22_21457.JPG
pb28apr22,108,pb28apr22_21634.JPG,pb28apr22_21635.JPG,pb28apr22_21636.JPG,pb28apr22_21637.JPG,pb28apr22_21638.JPG,pb28apr22_21639.JPG,pb28apr22_21640.JPG,pb28apr22_21641.JPG
pb28apr22,109,pb28apr22_2209.JPG,pb28apr22_2210.JPG,pb28apr22_2211.JPG,pb28apr22_2212.JPG,pb28apr22_2213.JPG,pb28apr22_2214.JPG,pb28apr22_2215.JPG,pb28apr22_2216.JPG
pb28apr22,110,pb28apr22_2233.JPG,pb28apr22_2234.JPG,pb28apr22_2235.JPG,pb28apr22_2236.JPG,pb28apr22_2237.JPG,pb28apr22_2238.JPG,pb28apr22_2239.JPG,pb28apr22_2240.JPG
pb28apr22,111,pb28apr22_23610.JPG,pb28apr22_23611.JPG,pb28apr22_23612.JPG,pb28apr22_23613.JPG,pb28apr22_23614.JPG,pb28apr22_23615.JPG,pb28apr22_23616.JPG,pb28apr22_23617.JPG
pb28apr22,112,pb28apr22_23634.JPG,pb28apr22_23635.JPG,pb28apr22_23636.JPG,pb28apr22_23637.JPG,pb28apr22_23638.JPG,pb28apr22_23639.JPG,pb28apr22_23640.JPG,pb28apr22_23641.JPG
pb28apr22,113,pb28apr22_23642.JPG,pb28apr22_23643.JPG,pb28apr22_23644.JPG,pb28apr22_23645.JPG,pb28apr22_23646.JPG,pb28apr22_23647.JPG,pb28apr22_23648.JPG,pb28apr22_23649.JPG
pb28apr22,114,pb28apr22_23650.JPG,pb28apr22_23651.JPG,pb28apr22_23652.JPG,pb28apr22_23653.JPG,pb28apr22_23654.JPG,pb28apr22_23655.JPG,pb28apr22_23656.JPG,pb28apr22_23657.JPG
pb28apr22,115,pb28apr22_23658.JPG,pb28apr22_23659.JPG,pb28apr22_23660.JPG,pb28apr22_23661.JPG,pb28apr22_23662.JPG,pb28apr22_23663.JPG,pb28apr22_23664.JPG,pb28apr22_23665.JPG
pb28apr22,116,pb28apr22_26770.JPG,pb28apr22_26771.JPG,pb28apr22_26772.JPG,pb28apr22_26773.JPG,pb28apr22_26774.JPG,pb28apr22_26775.JPG,pb28apr22_26776.JPG,pb28apr22_26777.JPG
pb28apr22,117,pb28apr22_26858.JPG,pb28apr22_26859.JPG,pb28apr22_26860.JPG,pb28apr22_26861.JPG,pb28apr22_26862.JPG,pb28apr22_26863.JPG,pb28apr22_26864.JPG,pb28apr22_26865.JPG
pb28apr22,118,pb28apr22_26938.JPG,pb28apr22_26939.JPG,pb28apr22_26940.JPG,pb28apr22_26941.JPG,pb28apr22_26942.JPG,pb28apr22_26943.JPG,pb28apr22_26944.JPG,pb28apr22_26945.JPG
pb28apr22,119,pb28apr22_5169.JPG,pb28apr22_5170.JPG,pb28apr22_5171.JPG,pb28apr22_5172.JPG,pb28apr22_5173.JPG,pb28apr22_5174.JPG,pb28apr22_5175.JPG,pb28apr22_5176.JPG
pb28apr22,120,pb28apr22_5177.JPG,pb28apr22_5178.JPG,pb28apr22_5179.JPG,pb28apr22_5180.JPG,pb28apr22_5181.JPG,pb28apr22_5182.JPG,pb28apr22_5183.JPG,pb28apr22_5184.JPG
pb28apr22,121,pb28apr22_5185.JPG,pb28apr22_5186.JPG,pb28apr22_5187.JPG,pb28apr22_5188.JPG,pb28apr22_5189.JPG,pb28apr22_5190.JPG,pb28apr22_5191.JPG,pb28apr22_5192.JPG
pb28apr22,122,pb28apr22_5361.JPG,pb28apr22_5362.JPG,pb28apr22_5363.JPG,pb28apr22_5364.JPG,pb28apr22_5365.JPG,pb28apr22_5366.JPG,pb28apr22_5367.JPG,pb28apr22_5368.JPG
pb28apr22,123,pb28apr22_5961.JPG,pb28apr22_5962.JPG,pb28apr22_5963.JPG,pb28apr22_5964.JPG,pb28apr22_5965.JPG,pb28apr22_5966.JPG,pb28apr22_5967.JPG,pb28apr22_5968.JPG
pb28apr22,124,pb28apr22_7049.JPG,pb28apr22_7050.JPG,pb28apr22_7051.JPG,pb28apr22_7052.JPG,pb28apr22_7053.JPG,pb28apr22_7054.JPG,pb28apr22_7055.JPG,pb28apr22_7056.JPG
pb28apr22,125,pb28apr22_7057.JPG,pb28apr22_7058.JPG,pb28apr22_7059.JPG,pb28apr22_7060.JPG,pb28apr22_7061.JPG,pb28apr22_7062.JPG,pb28apr22_7063.JPG,pb28apr22_7064.JPG
pb28apr22,126,pb28apr22_7137.JPG,pb28apr22_7138.JPG,pb28apr22_7139.JPG,pb28apr22_7140.JPG,pb28apr22_7141.JPG,pb28apr22_7142.JPG,pb28apr22_7143.JPG,pb28apr22_7144.JPG
pb28apr22,127,pb28apr22_7297.JPG,pb28apr22_7298.JPG,pb28apr22_7299.JPG,pb28apr22_7300.JPG,pb28apr22_7301.JPG,pb28apr22_7302.JPG,pb28apr22_7303.JPG,pb28apr22_7304.JPG
pb28apr22,128,pb28apr22_7825.JPG,pb28apr22_7826.JPG,pb28apr22_7827.JPG,pb28apr22_7828.JPG,pb28apr22_7829.JPG,pb28apr22_7830.JPG,pb28apr22_7831.JPG,pb28apr22_7832.JPG
pb28apr22,129,pb28apr22_7833.JPG,pb28apr22_7834.JPG,pb28apr22_7835.JPG,pb28apr22_7836.JPG,pb28apr22_7837.JPG,pb28apr22_7838.JPG,pb28apr22_7839.JPG,pb28apr22_7840.JPG
pd28apr22,130,pd28apr22_2745.JPG,pd28apr22_2746.JPG,pd28apr22_2747.JPG,pd28apr22_2748.JPG,pd28apr22_2749.JPG,pd28apr22_2750.JPG,pd28apr22_2751.JPG,pd28apr22_2752.JPG
pd28apr22,131,pd28apr22_3265.JPG,pd28apr22_3266.JPG,pd28apr22_3267.JPG,pd28apr22_3268.JPG,pd28apr22_3269.JPG,pd28apr22_3270.JPG,pd28apr22_3271.JPG,pd28apr22_3272.JPG
pd28apr22,132,pd28apr22_3441.JPG,pd28apr22_3442.JPG,pd28apr22_3443.JPG,pd28apr22_3444.JPG,pd28apr22_3445.JPG,pd28apr22_3446.JPG,pd28apr22_3447.JPG,pd28apr22_3448.JPG
pd28apr22,133,pd28apr22_6201.JPG,pd28apr22_6202.JPG,pd28apr22_6203.JPG,pd28apr22_6204.JPG,pd28apr22_6205.JPG,pd28apr22_6206.JPG,pd28apr22_6207.JPG,pd28apr22_6208.JPG
pl17apr22,134,pl17apr22_305.JPG,pl17apr22_306.JPG,pl17apr22_307.JPG,pl17apr22_308.JPG,pl17apr22_309.JPG,pl17apr22_310.JPG,pl17apr22_311.JPG,pl17apr22_312.JPG
pl17apr22,135,pl17apr22_313.JPG,pl17apr22_314.JPG,pl17apr22_315.JPG,pl17apr22_316.JPG,pl17apr22_317.JPG,pl17apr22_318.JPG,pl17apr22_319.JPG,pl17apr22_320.JPG
pl17apr22,136,pl17apr22_761.JPG,pl17apr22_762.JPG,pl17apr22_763.JPG,pl17apr22_764.JPG,pl17apr22_765.JPG,pl17apr22_766.JPG,pl17apr22_767.JPG,pl17apr22_768.JPG
pp17apr22,137,pp17apr22_1233.JPG,pp17apr22_1234.JPG,pp17apr22_1235.JPG,pp17apr22_1236.JPG,pp17apr22_1237.JPG,pp17apr22_1238.JPG,pp17apr22_1239.JPG,pp17apr22_1240.JPG
pp17apr22,138,pp17apr22_1241.JPG,pp17apr22_1242.JPG,pp17apr22_1243.JPG,pp17apr22_1244.JPG,pp17apr22_1245.JPG,pp17apr22_1246.JPG,pp17apr22_1247.JPG,pp17apr22_1248.JPG
pp17apr22,139,pp17apr22_1561.JPG,pp17apr22_1562.JPG,pp17apr22_1563.JPG,pp17apr22_1564.JPG,pp17apr22_1565.JPG,pp17apr22_1566.JPG,pp17apr22_1567.JPG,pp17apr22_1568.JPG
pp17apr22,140,pp17apr22_369.JPG,pp17apr22_370.JPG,pp17apr22_371.JPG,pp17apr22_372.JPG,pp17apr22_373.JPG,pp17apr22_374.JPG,pp17apr22_375.JPG,pp17apr22_376.JPG
pp17apr22,141,pp17apr22_729.JPG,pp17apr22_730.JPG,pp17apr22_731.JPG,pp17apr22_732.JPG,pp17apr22_733.JPG,pp17apr22_734.JPG,pp17apr22_735.JPG,pp17apr22_736.JPG
pp17apr22,142,pp17apr22_737.JPG,pp17apr22_738.JPG,pp17apr22_739.JPG,pp17apr22_740.JPG,pp17apr22_741.JPG,pp17apr22_742.JPG,pp17apr22_743.JPG,pp17apr22_744.JPG
